Sacramento,Carson City
Sacramento,Salem
Salem,Olympia
Olympia,Boise
Salem,Boise
Sacramento,Phoenix
Carson City,Salt Lake City
Boise,Salt Lake City
Phoenix,Santa Fe
Phoenix,Salt Lake City
Olympia,Helena
Helena,Salt Lake City
Salt Lake City,Cheyenne
Santa Fe,Denver
Cheyenne,Denver
Santa Fe,Oklahoma City
Oklahoma City,Austin
Austin,Baton Rouge
Oklahoma City,Little Rock
Oklahoma City,Baton Rouge
Oklahoma City,Jackson
Jackson,Atlanta
Denver,Topeka
Topeka,Jefferson City
Jefferson City,Springfield
Jefferson City,Little Rock
Denver,Lincoln
Cheyenne,Lincoln
Lincoln,Topeka
Lincoln,Des Moines
Helena,Pierre
Helena,Bismarck
Cheyenne,Pierre
Bismarck,St. Paul
Pierre,St. Paul
St. Paul,Madison
Des Moines,Madison
Des Moines,Springfield
Springfield,Indianapolis
Jefferson City,Indianapolis
Jefferson City,Nashville
Jackson,Nashville
Jackson,Montgomery
Montgomery,Tallahassee
Montgomery,Atlanta
Tallahassee,Columbia
Atlanta,Columbia
Nashville,Atlanta
Columbia,Raleigh
Nashville,Raleigh
Jefferson City,Frankfort
Indianapolis,Columbus
Frankfort,Columbus
Indianapolis,Lansing
Lansing,Columbus
Frankfort,Charlston
Charlston,Washington
Columbus,Harrisburg
Harrisburg,Albany
Albany,Concord
Concord,Montpelier
Montpelier,Boston
Boston,Augusta
Boston,Providence
Providence,Hartford
Hartford,Trenton
Trenton,Dover
Dover,Annapolis
Annapolis,Washington
Washington,Richmond
Richmond,Raleigh
Charlston,Columbia
Baton Rouge,Montgomery
